error_count,timestamp
0,1711969299.9595835
0,1711969316.5922894
0,1711969321.5121617
0,1711969326.5594335
0,1711969331.3172529
0,1711969336.5625267
0,1711969342.2967727
0,1711969346.5699763
0,1711969351.5593383
0,1711969356.1821008
0,1711969361.473179
0,1711969367.5131629
0,1711969371.4943736
0,1711969376.5341194
0,1711969381.1452093
0,1711969386.4829779
0,1711969392.0683389
0,1711969396.40983
0,1711969401.4867759
0,1711969406.464594
0,1711969411.4594545
0,1711969416.7841017
0,1711969421.4357433
0,1711969426.4778776
0,1711969431.6092849
0,1711969436.5555995
0,1711969441.5568233
0,1711969446.4430265
0,1711969451.7693245
0,1711969456.4476378
0,1711969461.5020602
0,1711969466.2495239
0,1711969471.5360794
0,1711969476.921717
0,1711969481.5171187
0,1711969486.5272298
0,1711969491.2125144
0,1711969496.5400877
0,1711969502.2916956
0,1711969506.4798462
0,1711969511.3821125
0,1711969516.051128
0,1711969521.5134735
0,1711969526.8145063
0,1711969531.373929
0,1711969536.3840392
0,1711969541.4897163
0,1711969546.3867886
0,1711969551.0872757
0,1711969556.4383302
0,1711969562.120286
0,1711969566.4551349
0,1711969571.4112918
0,1711969576.0924304
0,1711969581.483394
0,1711969586.7640865
0,1711969591.4953022
0,1711969596.4541817
0,1711969601.54035
0,1711969606.4372802
0,1711969611.2993114
0,1711969616.4891658
0,1711969621.4465096
0,1711969626.3704524
0,1711969631.4257913
0,1711969635.990469
0,1711969641.1807063
0,1711969646.7785757
0,1711969651.1487136
0,1711969656.511061
0,1711986177.3725128
0,1711986182.6765912
0,1711986188.0601559
0,1711986192.7335901
0,1711986197.8110971
0,1711986202.7154167
0,1711986207.752736
0,1711986212.499764
0,1711986217.6872332
0,1711986222.914735
0,1711986227.7865307
0,1711986232.6713572
0,1711986237.285539
0,1711986284.5722077
0,1711986289.077263
0,1711986294.1352324
0,1711986299.098214
0,1711986304.0599034
0,1711986309.0544443
0,1711986314.0725827
0,1711986319.0941691
0,1711986324.105387
0,1711986329.122276
0,1711986334.167311
0,1711986339.0768197
0,1711986344.261218
0,1711986349.059025
0,1711986354.0703537
0,1711986358.6757045
0,1711986364.0639143
0,1711986369.506053
0,1711986374.091118
0,1711986379.0430565
0,1711986384.0894337
0,1711986389.075565
0,1711986394.1168659
0,1711986399.1873834
0,1712031757.3769503
0,1712031762.4175568
0,1712031767.3426278
0,1712031772.406445
0,1712031777.4744463
0,1712031782.569323
0,1712031787.4884539
0,1712038814.8272183
0,1712039400.656245
